timestamp,algorithm,dataset,n_iters,actual_iterations,dimensionality,data_size,n_clusters,construction_time_ms,threads,final_objective,config
2025-12-29 15:22:12,superkmeans,yi,25,25,128,187843,10,329.39,32,29365.763672,"{""verbose"":false,""recall_tol"":0.001000,""sampling_fraction"":1.000000,""iters"":25,""sample_queries"":false,""early_termination"":false,""n_threads"":32,""unrotate_centroids"":true,""seed"":42,""use_blas_only"":false,""tol"":0.000000,""ann_explore_fraction"":0.010000,""objective_k"":100,""perform_assignments"":false}"
2025-12-29 15:22:12,superkmeans,yi,25,25,128,187843,100,222.76,32,20220.902344,"{""verbose"":false,""recall_tol"":0.001000,""sampling_fraction"":1.000000,""iters"":25,""sample_queries"":false,""early_termination"":false,""n_threads"":32,""unrotate_centroids"":true,""seed"":42,""use_blas_only"":false,""tol"":0.000000,""ann_explore_fraction"":0.010000,""objective_k"":100,""perform_assignments"":false}"
2025-12-29 15:22:13,superkmeans,yi,25,25,128,187843,1000,605.35,32,15019.584961,"{""verbose"":false,""recall_tol"":0.001000,""sampling_fraction"":1.000000,""iters"":25,""sample_queries"":false,""early_termination"":false,""n_threads"":32,""unrotate_centroids"":true,""seed"":42,""use_blas_only"":false,""tol"":0.000000,""ann_explore_fraction"":0.010000,""objective_k"":100,""perform_assignments"":false}"
2025-12-29 15:22:18,superkmeans,yi,25,25,128,187843,10000,4838.09,32,10850.381836,"{""verbose"":false,""recall_tol"":0.001000,""sampling_fraction"":1.000000,""iters"":25,""sample_queries"":false,""early_termination"":false,""n_threads"":32,""unrotate_centroids"":true,""seed"":42,""use_blas_only"":false,""tol"":0.000000,""ann_explore_fraction"":0.010000,""objective_k"":100,""perform_assignments"":false}"
2025-12-29 15:22:57,superkmeans,yi,25,25,128,187843,100000,39109.48,32,3597.589844,"{""verbose"":false,""recall_tol"":0.001000,""sampling_fraction"":1.000000,""iters"":25,""sample_queries"":false,""early_termination"":false,""n_threads"":32,""unrotate_centroids"":true,""seed"":42,""use_blas_only"":false,""tol"":0.000000,""ann_explore_fraction"":0.010000,""objective_k"":100,""perform_assignments"":false}"
2025-12-29 15:22:57,faiss,yi,25,25,128,187843,10,350.92,32,29347.535156,"{""verbose"":false,""update_index"":false,""int_centroids"":false,""seed"":1234,""frozen_centroids"":false,""spherical"":false,""min_points_per_centroid"":39,""nredo"":1,""max_points_per_centroid"":999999,""niter"":25}"
2025-12-29 15:22:58,faiss,yi,25,25,128,187843,100,189.78,32,20317.222656,"{""verbose"":false,""update_index"":false,""int_centroids"":false,""seed"":1234,""frozen_centroids"":false,""spherical"":false,""min_points_per_centroid"":39,""nredo"":1,""max_points_per_centroid"":999999,""niter"":25}"
2025-12-29 15:22:58,faiss,yi,25,25,128,187843,1000,730.04,32,15032.935547,"{""verbose"":false,""update_index"":false,""int_centroids"":false,""seed"":1234,""frozen_centroids"":false,""spherical"":false,""min_points_per_centroid"":39,""nredo"":1,""max_points_per_centroid"":999999,""niter"":25}"
2025-12-29 15:23:05,faiss,yi,25,25,128,187843,10000,6792.60,32,10814.643555,"{""verbose"":false,""update_index"":false,""int_centroids"":false,""seed"":1234,""frozen_centroids"":false,""spherical"":false,""min_points_per_centroid"":39,""nredo"":1,""max_points_per_centroid"":999999,""niter"":25}"
2025-12-29 15:24:11,faiss,yi,25,25,128,187843,100000,65587.35,32,3607.196289,"{""verbose"":false,""update_index"":false,""int_centroids"":false,""seed"":1234,""frozen_centroids"":false,""spherical"":false,""min_points_per_centroid"":39,""nredo"":1,""max_points_per_centroid"":999999,""niter"":25}"
2025-12-29 15:24:11,scikit,yi,25,25,128,187843,10,108.20,32,29151.759766,"{""init"": ""random"", ""n_init"": ""1"", ""max_iter"": ""25"", ""random_state"": ""42"", ""copy_x"": ""true"", ""tol"": ""0.0"", ""algorithm"": ""lloyd""}"
2025-12-29 15:24:12,scikit,yi,25,25,128,187843,100,153.01,32,20372.341797,"{""init"": ""random"", ""n_init"": ""1"", ""max_iter"": ""25"", ""random_state"": ""42"", ""copy_x"": ""true"", ""tol"": ""0.0"", ""algorithm"": ""lloyd""}"
2025-12-29 15:24:12,scikit,yi,25,25,128,187843,1000,833.71,32,15044.533203,"{""init"": ""random"", ""n_init"": ""1"", ""max_iter"": ""25"", ""random_state"": ""42"", ""copy_x"": ""true"", ""tol"": ""0.0"", ""algorithm"": ""lloyd""}"
2025-12-29 15:24:23,scikit,yi,25,25,128,187843,10000,10135.41,32,10827.134766,"{""init"": ""random"", ""n_init"": ""1"", ""max_iter"": ""25"", ""random_state"": ""42"", ""copy_x"": ""true"", ""tol"": ""0.0"", ""algorithm"": ""lloyd""}"
2025-12-29 15:24:51,scikit,yi,25,25,128,187843,100000,117037.39,32,3598.670898,"{""init"": ""random"", ""n_init"": ""1"", ""max_iter"": ""25"", ""random_state"": ""42"", ""copy_x"": ""true"", ""tol"": ""0.0"", ""algorithm"": ""lloyd""}"
2025-12-29 15:24:52,superkmeans,llama,25,25,128,256921,10,441.67,32,30982.226562,"{""verbose"":false,""recall_tol"":0.001000,""sampling_fraction"":1.000000,""iters"":25,""sample_queries"":false,""early_termination"":false,""n_threads"":32,""unrotate_centroids"":true,""seed"":42,""use_blas_only"":false,""tol"":0.000000,""ann_explore_fraction"":0.010000,""objective_k"":100,""perform_assignments"":false}"
2025-12-29 15:24:52,superkmeans,llama,25,25,128,256921,100,298.31,32,24535.423828,"{""verbose"":false,""recall_tol"":0.001000,""sampling_fraction"":1.000000,""iters"":25,""sample_queries"":false,""early_termination"":false,""n_threads"":32,""unrotate_centroids"":true,""seed"":42,""use_blas_only"":false,""tol"":0.000000,""ann_explore_fraction"":0.010000,""objective_k"":100,""perform_assignments"":false}"
2025-12-29 15:24:53,superkmeans,llama,25,25,128,256921,1000,939.70,32,20086.474609,"{""verbose"":false,""recall_tol"":0.001000,""sampling_fraction"":1.000000,""iters"":25,""sample_queries"":false,""early_termination"":false,""n_threads"":32,""unrotate_centroids"":true,""seed"":42,""use_blas_only"":false,""tol"":0.000000,""ann_explore_fraction"":0.010000,""objective_k"":100,""perform_assignments"":false}"
2025-12-29 15:25:00,superkmeans,llama,25,25,128,256921,10000,6972.93,32,15883.036133,"{""verbose"":false,""recall_tol"":0.001000,""sampling_fraction"":1.000000,""iters"":25,""sample_queries"":false,""early_termination"":false,""n_threads"":32,""unrotate_centroids"":true,""seed"":42,""use_blas_only"":false,""tol"":0.000000,""ann_explore_fraction"":0.010000,""objective_k"":100,""perform_assignments"":false}"
2025-12-29 15:25:50,superkmeans,llama,25,25,128,256921,100000,50193.57,32,7343.672852,"{""verbose"":false,""recall_tol"":0.001000,""sampling_fraction"":1.000000,""iters"":25,""sample_queries"":false,""early_termination"":false,""n_threads"":32,""unrotate_centroids"":true,""seed"":42,""use_blas_only"":false,""tol"":0.000000,""ann_explore_fraction"":0.010000,""objective_k"":100,""perform_assignments"":false}"
2025-12-29 15:25:50,faiss,llama,25,25,128,256921,10,386.77,32,30922.816406,"{""verbose"":false,""update_index"":false,""int_centroids"":false,""seed"":1234,""frozen_centroids"":false,""spherical"":true,""min_points_per_centroid"":39,""nredo"":1,""max_points_per_centroid"":999999,""niter"":25}"
2025-12-29 15:25:51,faiss,llama,25,25,128,256921,100,279.39,32,24522.949219,"{""verbose"":false,""update_index"":false,""int_centroids"":false,""seed"":1234,""frozen_centroids"":false,""spherical"":true,""min_points_per_centroid"":39,""nredo"":1,""max_points_per_centroid"":999999,""niter"":25}"
2025-12-29 15:25:52,faiss,llama,25,25,128,256921,1000,992.60,32,20079.980469,"{""verbose"":false,""update_index"":false,""int_centroids"":false,""seed"":1234,""frozen_centroids"":false,""spherical"":true,""min_points_per_centroid"":39,""nredo"":1,""max_points_per_centroid"":999999,""niter"":25}"
2025-12-29 15:26:01,faiss,llama,25,25,128,256921,10000,9457.29,32,15859.881836,"{""verbose"":false,""update_index"":false,""int_centroids"":false,""seed"":1234,""frozen_centroids"":false,""spherical"":true,""min_points_per_centroid"":39,""nredo"":1,""max_points_per_centroid"":999999,""niter"":25}"
2025-12-29 15:27:34,faiss,llama,25,25,128,256921,100000,92861.54,32,7348.361816,"{""verbose"":false,""update_index"":false,""int_centroids"":false,""seed"":1234,""frozen_centroids"":false,""spherical"":true,""min_points_per_centroid"":39,""nredo"":1,""max_points_per_centroid"":999999,""niter"":25}"
2025-12-29 15:27:35,scikit,llama,25,25,128,256921,10,142.28,32,29885.402344,"{""init"": ""random"", ""n_init"": ""1"", ""max_iter"": ""25"", ""random_state"": ""42"", ""copy_x"": ""true"", ""tol"": ""0.0"", ""algorithm"": ""lloyd""}"
2025-12-29 15:27:35,scikit,llama,25,25,128,256921,100,214.12,32,23942.595703,"{""init"": ""random"", ""n_init"": ""1"", ""max_iter"": ""25"", ""random_state"": ""42"", ""copy_x"": ""true"", ""tol"": ""0.0"", ""algorithm"": ""lloyd""}"
2025-12-29 15:27:36,scikit,llama,25,25,128,256921,1000,1143.62,32,19673.402344,"{""init"": ""random"", ""n_init"": ""1"", ""max_iter"": ""25"", ""random_state"": ""42"", ""copy_x"": ""true"", ""tol"": ""0.0"", ""algorithm"": ""lloyd""}"
2025-12-29 15:27:50,scikit,llama,25,25,128,256921,10000,13799.97,32,15608.554688,"{""init"": ""random"", ""n_init"": ""1"", ""max_iter"": ""25"", ""random_state"": ""42"", ""copy_x"": ""true"", ""tol"": ""0.0"", ""algorithm"": ""lloyd""}"
2025-12-29 15:28:35,scikit,llama,25,25,128,256921,100000,159071.05,32,7269.632324,"{""init"": ""random"", ""n_init"": ""1"", ""max_iter"": ""25"", ""random_state"": ""42"", ""copy_x"": ""true"", ""tol"": ""0.0"", ""algorithm"": ""lloyd""}"
2025-12-29 15:28:40,superkmeans,sift,25,25,128,1000000,10,1641.88,32,81751285760.000000,"{""verbose"":false,""recall_tol"":0.001000,""sampling_fraction"":1.000000,""iters"":25,""sample_queries"":false,""early_termination"":false,""n_threads"":32,""unrotate_centroids"":true,""seed"":42,""use_blas_only"":false,""tol"":0.000000,""ann_explore_fraction"":0.010000,""objective_k"":100,""perform_assignments"":false}"
2025-12-29 15:28:41,superkmeans,sift,25,25,128,1000000,100,1229.61,32,63121833984.000000,"{""verbose"":false,""recall_tol"":0.001000,""sampling_fraction"":1.000000,""iters"":25,""sample_queries"":false,""early_termination"":false,""n_threads"":32,""unrotate_centroids"":true,""seed"":42,""use_blas_only"":false,""tol"":0.000000,""ann_explore_fraction"":0.010000,""objective_k"":100,""perform_assignments"":false}"
2025-12-29 15:28:44,superkmeans,sift,25,25,128,1000000,1000,3549.68,32,50678022144.000000,"{""verbose"":false,""recall_tol"":0.001000,""sampling_fraction"":1.000000,""iters"":25,""sample_queries"":false,""early_termination"":false,""n_threads"":32,""unrotate_centroids"":true,""seed"":42,""use_blas_only"":false,""tol"":0.000000,""ann_explore_fraction"":0.010000,""objective_k"":100,""perform_assignments"":false}"
2025-12-29 15:29:11,superkmeans,sift,25,25,128,1000000,10000,27094.03,32,40523431936.000000,"{""verbose"":false,""recall_tol"":0.001000,""sampling_fraction"":1.000000,""iters"":25,""sample_queries"":false,""early_termination"":false,""n_threads"":32,""unrotate_centroids"":true,""seed"":42,""use_blas_only"":false,""tol"":0.000000,""ann_explore_fraction"":0.010000,""objective_k"":100,""perform_assignments"":false}"
2025-12-29 15:32:49,superkmeans,sift,25,25,128,1000000,100000,217238.02,32,27494203392.000000,"{""verbose"":false,""recall_tol"":0.001000,""sampling_fraction"":1.000000,""iters"":25,""sample_queries"":false,""early_termination"":false,""n_threads"":32,""unrotate_centroids"":true,""seed"":42,""use_blas_only"":false,""tol"":0.000000,""ann_explore_fraction"":0.010000,""objective_k"":100,""perform_assignments"":false}"
2025-12-29 15:32:51,faiss,sift,25,25,128,1000000,10,2223.06,32,83822895104.000000,"{""verbose"":false,""update_index"":false,""int_centroids"":false,""seed"":1234,""frozen_centroids"":false,""spherical"":false,""min_points_per_centroid"":39,""nredo"":1,""max_points_per_centroid"":999999,""niter"":25}"
2025-12-29 15:32:52,faiss,sift,25,25,128,1000000,100,1217.89,32,62874726400.000000,"{""verbose"":false,""update_index"":false,""int_centroids"":false,""seed"":1234,""frozen_centroids"":false,""spherical"":false,""min_points_per_centroid"":39,""nredo"":1,""max_points_per_centroid"":999999,""niter"":25}"
2025-12-29 15:32:56,faiss,sift,25,25,128,1000000,1000,3823.14,32,50665611264.000000,"{""verbose"":false,""update_index"":false,""int_centroids"":false,""seed"":1234,""frozen_centroids"":false,""spherical"":false,""min_points_per_centroid"":39,""nredo"":1,""max_points_per_centroid"":999999,""niter"":25}"
2025-12-29 15:33:30,faiss,sift,25,25,128,1000000,10000,33888.04,32,40507703296.000000,"{""verbose"":false,""update_index"":false,""int_centroids"":false,""seed"":1234,""frozen_centroids"":false,""spherical"":false,""min_points_per_centroid"":39,""nredo"":1,""max_points_per_centroid"":999999,""niter"":25}"
2025-12-29 15:39:00,faiss,sift,25,25,128,1000000,100000,330303.79,32,27485960192.000000,"{""verbose"":false,""update_index"":false,""int_centroids"":false,""seed"":1234,""frozen_centroids"":false,""spherical"":false,""min_points_per_centroid"":39,""nredo"":1,""max_points_per_centroid"":999999,""niter"":25}"
2025-12-29 15:39:02,scikit,sift,25,25,128,1000000,10,529.52,32,82117386240.000000,"{""init"": ""random"", ""n_init"": ""1"", ""max_iter"": ""25"", ""random_state"": ""42"", ""copy_x"": ""true"", ""tol"": ""0.0"", ""algorithm"": ""lloyd""}"
2025-12-29 15:39:02,scikit,sift,25,25,128,1000000,100,791.53,32,63004971008.000000,"{""init"": ""random"", ""n_init"": ""1"", ""max_iter"": ""25"", ""random_state"": ""42"", ""copy_x"": ""true"", ""tol"": ""0.0"", ""algorithm"": ""lloyd""}"
2025-12-29 15:39:06,scikit,sift,25,25,128,1000000,1000,3960.43,32,50665553920.000000,"{""init"": ""random"", ""n_init"": ""1"", ""max_iter"": ""25"", ""random_state"": ""42"", ""copy_x"": ""true"", ""tol"": ""0.0"", ""algorithm"": ""lloyd""}"
2025-12-29 15:39:57,scikit,sift,25,25,128,1000000,10000,50279.35,32,40501952512.000000,"{""init"": ""random"", ""n_init"": ""1"", ""max_iter"": ""25"", ""random_state"": ""42"", ""copy_x"": ""true"", ""tol"": ""0.0"", ""algorithm"": ""lloyd""}"
2025-12-29 15:49:54,scikit,sift,25,25,128,1000000,100000,596991.38,32,27474044928.000000,"{""init"": ""random"", ""n_init"": ""1"", ""max_iter"": ""25"", ""random_state"": ""42"", ""copy_x"": ""true"", ""tol"": ""0.0"", ""algorithm"": ""lloyd""}"
2025-12-29 15:50:03,superkmeans,yahoo,25,25,384,677305,10,1820.62,32,613343.250000,"{""verbose"":false,""recall_tol"":0.001000,""sampling_fraction"":1.000000,""iters"":25,""sample_queries"":false,""early_termination"":false,""n_threads"":32,""unrotate_centroids"":true,""seed"":42,""use_blas_only"":false,""tol"":0.000000,""ann_explore_fraction"":0.010000,""objective_k"":100,""perform_assignments"":false}"
2025-12-29 15:50:05,superkmeans,yahoo,25,25,384,677305,100,1712.91,32,532583.625000,"{""verbose"":false,""recall_tol"":0.001000,""sampling_fraction"":1.000000,""iters"":25,""sample_queries"":false,""early_termination"":false,""n_threads"":32,""unrotate_centroids"":true,""seed"":42,""use_blas_only"":false,""tol"":0.000000,""ann_explore_fraction"":0.010000,""objective_k"":100,""perform_assignments"":false}"
2025-12-29 15:50:09,superkmeans,yahoo,25,25,384,677305,1000,4201.58,32,446975.343750,"{""verbose"":false,""recall_tol"":0.001000,""sampling_fraction"":1.000000,""iters"":25,""sample_queries"":false,""early_termination"":false,""n_threads"":32,""unrotate_centroids"":true,""seed"":42,""use_blas_only"":false,""tol"":0.000000,""ann_explore_fraction"":0.010000,""objective_k"":100,""perform_assignments"":false}"
2025-12-29 15:50:32,superkmeans,yahoo,25,25,384,677305,10000,23460.93,32,370223.281250,"{""verbose"":false,""recall_tol"":0.001000,""sampling_fraction"":1.000000,""iters"":25,""sample_queries"":false,""early_termination"":false,""n_threads"":32,""unrotate_centroids"":true,""seed"":42,""use_blas_only"":false,""tol"":0.000000,""ann_explore_fraction"":0.010000,""objective_k"":100,""perform_assignments"":false}"
2025-12-29 15:53:31,superkmeans,yahoo,25,25,384,677305,100000,178793.05,32,273786.750000,"{""verbose"":false,""recall_tol"":0.001000,""sampling_fraction"":1.000000,""iters"":25,""sample_queries"":false,""early_termination"":false,""n_threads"":32,""unrotate_centroids"":true,""seed"":42,""use_blas_only"":false,""tol"":0.000000,""ann_explore_fraction"":0.010000,""objective_k"":100,""perform_assignments"":false}"
2025-12-29 15:53:34,faiss,yahoo,25,25,384,677305,10,2155.11,32,614669.937500,"{""verbose"":false,""update_index"":false,""int_centroids"":false,""seed"":1234,""frozen_centroids"":false,""spherical"":false,""min_points_per_centroid"":39,""nredo"":1,""max_points_per_centroid"":999999,""niter"":25}"
2025-12-29 15:53:36,faiss,yahoo,25,25,384,677305,100,1723.66,32,531995.187500,"{""verbose"":false,""update_index"":false,""int_centroids"":false,""seed"":1234,""frozen_centroids"":false,""spherical"":false,""min_points_per_centroid"":39,""nredo"":1,""max_points_per_centroid"":999999,""niter"":25}"
2025-12-29 15:53:42,faiss,yahoo,25,25,384,677305,1000,6032.24,32,446881.281250,"{""verbose"":false,""update_index"":false,""int_centroids"":false,""seed"":1234,""frozen_centroids"":false,""spherical"":false,""min_points_per_centroid"":39,""nredo"":1,""max_points_per_centroid"":999999,""niter"":25}"
2025-12-29 15:54:35,faiss,yahoo,25,25,384,677305,10000,53298.23,32,370173.906250,"{""verbose"":false,""update_index"":false,""int_centroids"":false,""seed"":1234,""frozen_centroids"":false,""spherical"":false,""min_points_per_centroid"":39,""nredo"":1,""max_points_per_centroid"":999999,""niter"":25}"
2025-12-29 16:03:12,faiss,yahoo,25,25,384,677305,100000,516596.97,32,273698.781250,"{""verbose"":false,""update_index"":false,""int_centroids"":false,""seed"":1234,""frozen_centroids"":false,""spherical"":false,""min_points_per_centroid"":39,""nredo"":1,""max_points_per_centroid"":999999,""niter"":25}"
2025-12-29 16:03:13,scikit,yahoo,25,25,384,677305,10,868.77,32,613910.500000,"{""init"": ""random"", ""n_init"": ""1"", ""max_iter"": ""25"", ""random_state"": ""42"", ""copy_x"": ""true"", ""tol"": ""0.0"", ""algorithm"": ""lloyd""}"
2025-12-29 16:03:15,scikit,yahoo,25,25,384,677305,100,1359.99,32,531843.437500,"{""init"": ""random"", ""n_init"": ""1"", ""max_iter"": ""25"", ""random_state"": ""42"", ""copy_x"": ""true"", ""tol"": ""0.0"", ""algorithm"": ""lloyd""}"
2025-12-29 16:03:21,scikit,yahoo,25,25,384,677305,1000,6442.86,32,446823.593750,"{""init"": ""random"", ""n_init"": ""1"", ""max_iter"": ""25"", ""random_state"": ""42"", ""copy_x"": ""true"", ""tol"": ""0.0"", ""algorithm"": ""lloyd""}"
2025-12-29 16:04:25,scikit,yahoo,25,25,384,677305,10000,63571.21,32,370047.406250,"{""init"": ""random"", ""n_init"": ""1"", ""max_iter"": ""25"", ""random_state"": ""42"", ""copy_x"": ""true"", ""tol"": ""0.0"", ""algorithm"": ""lloyd""}"
2025-12-29 16:10:49,scikit,yahoo,25,25,384,677305,100000,639548.46,32,273625.593750,"{""init"": ""random"", ""n_init"": ""1"", ""max_iter"": ""25"", ""random_state"": ""42"", ""copy_x"": ""true"", ""tol"": ""0.0"", ""algorithm"": ""lloyd""}"
2025-12-29 16:10:51,superkmeans,yandex,25,25,200,1000000,10,2253.74,32,1052646.000000,"{""verbose"":false,""recall_tol"":0.001000,""sampling_fraction"":1.000000,""iters"":25,""sample_queries"":false,""early_termination"":false,""n_threads"":32,""unrotate_centroids"":true,""seed"":42,""use_blas_only"":false,""tol"":0.000000,""ann_explore_fraction"":0.010000,""objective_k"":100,""perform_assignments"":false}"
2025-12-29 16:10:53,superkmeans,yandex,25,25,200,1000000,100,1596.17,32,812889.625000,"{""verbose"":false,""recall_tol"":0.001000,""sampling_fraction"":1.000000,""iters"":25,""sample_queries"":false,""early_termination"":false,""n_threads"":32,""unrotate_centroids"":true,""seed"":42,""use_blas_only"":false,""tol"":0.000000,""ann_explore_fraction"":0.010000,""objective_k"":100,""perform_assignments"":false}"
2025-12-29 16:10:57,superkmeans,yandex,25,25,200,1000000,1000,4026.83,32,582180.187500,"{""verbose"":false,""recall_tol"":0.001000,""sampling_fraction"":1.000000,""iters"":25,""sample_queries"":false,""early_termination"":false,""n_threads"":32,""unrotate_centroids"":true,""seed"":42,""use_blas_only"":false,""tol"":0.000000,""ann_explore_fraction"":0.010000,""objective_k"":100,""perform_assignments"":false}"
2025-12-29 16:11:24,superkmeans,yandex,25,25,200,1000000,10000,27370.48,32,430830.593750,"{""verbose"":false,""recall_tol"":0.001000,""sampling_fraction"":1.000000,""iters"":25,""sample_queries"":false,""early_termination"":false,""n_threads"":32,""unrotate_centroids"":true,""seed"":42,""use_blas_only"":false,""tol"":0.000000,""ann_explore_fraction"":0.010000,""objective_k"":100,""perform_assignments"":false}"
2025-12-29 16:15:14,superkmeans,yandex,25,25,200,1000000,100000,229194.97,32,304316.187500,"{""verbose"":false,""recall_tol"":0.001000,""sampling_fraction"":1.000000,""iters"":25,""sample_queries"":false,""early_termination"":false,""n_threads"":32,""unrotate_centroids"":true,""seed"":42,""use_blas_only"":false,""tol"":0.000000,""ann_explore_fraction"":0.010000,""objective_k"":100,""perform_assignments"":false}"
2025-12-29 16:15:16,faiss,yandex,25,25,200,1000000,10,2362.40,32,1053996.500000,"{""verbose"":false,""update_index"":false,""int_centroids"":false,""seed"":1234,""frozen_centroids"":false,""spherical"":true,""min_points_per_centroid"":39,""nredo"":1,""max_points_per_centroid"":999999,""niter"":25}"
2025-12-29 16:15:18,faiss,yandex,25,25,200,1000000,100,1638.04,32,812064.687500,"{""verbose"":false,""update_index"":false,""int_centroids"":false,""seed"":1234,""frozen_centroids"":false,""spherical"":true,""min_points_per_centroid"":39,""nredo"":1,""max_points_per_centroid"":999999,""niter"":25}"
2025-12-29 16:15:23,faiss,yandex,25,25,200,1000000,1000,5288.47,32,582508.000000,"{""verbose"":false,""update_index"":false,""int_centroids"":false,""seed"":1234,""frozen_centroids"":false,""spherical"":true,""min_points_per_centroid"":39,""nredo"":1,""max_points_per_centroid"":999999,""niter"":25}"
2025-12-29 16:16:09,faiss,yandex,25,25,200,1000000,10000,45689.30,32,430576.093750,"{""verbose"":false,""update_index"":false,""int_centroids"":false,""seed"":1234,""frozen_centroids"":false,""spherical"":true,""min_points_per_centroid"":39,""nredo"":1,""max_points_per_centroid"":999999,""niter"":25}"
2025-12-29 16:23:40,faiss,yandex,25,25,200,1000000,100000,450972.63,32,304213.343750,"{""verbose"":false,""update_index"":false,""int_centroids"":false,""seed"":1234,""frozen_centroids"":false,""spherical"":true,""min_points_per_centroid"":39,""nredo"":1,""max_points_per_centroid"":999999,""niter"":25}"
2025-12-29 16:23:42,scikit,yandex,25,25,200,1000000,10,722.18,32,769195.312500,"{""init"": ""random"", ""n_init"": ""1"", ""max_iter"": ""25"", ""random_state"": ""42"", ""copy_x"": ""true"", ""tol"": ""0.0"", ""algorithm"": ""lloyd""}"
2025-12-29 16:23:43,scikit,yandex,25,25,200,1000000,100,1099.80,32,641869.062500,"{""init"": ""random"", ""n_init"": ""1"", ""max_iter"": ""25"", ""random_state"": ""42"", ""copy_x"": ""true"", ""tol"": ""0.0"", ""algorithm"": ""lloyd""}"
2025-12-29 16:23:48,scikit,yandex,25,25,200,1000000,1000,5410.81,32,492591.531250,"{""init"": ""random"", ""n_init"": ""1"", ""max_iter"": ""25"", ""random_state"": ""42"", ""copy_x"": ""true"", ""tol"": ""0.0"", ""algorithm"": ""lloyd""}"
2025-12-29 16:24:48,scikit,yandex,25,25,200,1000000,10000,59970.33,32,380477.375000,"{""init"": ""random"", ""n_init"": ""1"", ""max_iter"": ""25"", ""random_state"": ""42"", ""copy_x"": ""true"", ""tol"": ""0.0"", ""algorithm"": ""lloyd""}"
2025-12-29 16:35:09,scikit,yandex,25,25,200,1000000,100000,646255.10,32,279204.781250,"{""init"": ""random"", ""n_init"": ""1"", ""max_iter"": ""25"", ""random_state"": ""42"", ""copy_x"": ""true"", ""tol"": ""0.0"", ""algorithm"": ""lloyd""}"
2025-12-29 16:35:14,superkmeans,glove200,25,25,200,1183514,10,2916.80,32,1558582.250000,"{""verbose"":false,""recall_tol"":0.001000,""sampling_fraction"":1.000000,""iters"":25,""sample_queries"":false,""early_termination"":false,""n_threads"":32,""unrotate_centroids"":true,""seed"":42,""use_blas_only"":false,""tol"":0.000000,""ann_explore_fraction"":0.010000,""objective_k"":100,""perform_assignments"":false}"
2025-12-29 16:35:16,superkmeans,glove200,25,25,200,1183514,100,1893.90,32,1364066.500000,"{""verbose"":false,""recall_tol"":0.001000,""sampling_fraction"":1.000000,""iters"":25,""sample_queries"":false,""early_termination"":false,""n_threads"":32,""unrotate_centroids"":true,""seed"":42,""use_blas_only"":false,""tol"":0.000000,""ann_explore_fraction"":0.010000,""objective_k"":100,""perform_assignments"":false}"
2025-12-29 16:35:23,superkmeans,glove200,25,25,200,1183514,1000,7009.07,32,1211624.250000,"{""verbose"":false,""recall_tol"":0.001000,""sampling_fraction"":1.000000,""iters"":25,""sample_queries"":false,""early_termination"":false,""n_threads"":32,""unrotate_centroids"":true,""seed"":42,""use_blas_only"":false,""tol"":0.000000,""ann_explore_fraction"":0.010000,""objective_k"":100,""perform_assignments"":false}"
2025-12-29 16:36:14,superkmeans,glove200,25,25,200,1183514,10000,50910.12,32,1077038.875000,"{""verbose"":false,""recall_tol"":0.001000,""sampling_fraction"":1.000000,""iters"":25,""sample_queries"":false,""early_termination"":false,""n_threads"":32,""unrotate_centroids"":true,""seed"":42,""use_blas_only"":false,""tol"":0.000000,""ann_explore_fraction"":0.010000,""objective_k"":100,""perform_assignments"":false}"
2025-12-29 16:42:24,superkmeans,glove200,25,25,200,1183514,100000,370220.40,32,866124.937500,"{""verbose"":false,""recall_tol"":0.001000,""sampling_fraction"":1.000000,""iters"":25,""sample_queries"":false,""early_termination"":false,""n_threads"":32,""unrotate_centroids"":true,""seed"":42,""use_blas_only"":false,""tol"":0.000000,""ann_explore_fraction"":0.010000,""objective_k"":100,""perform_assignments"":false}"
2025-12-29 16:42:27,faiss,glove200,25,25,200,1183514,10,2801.06,32,1560105.250000,"{""verbose"":false,""update_index"":false,""int_centroids"":false,""seed"":1234,""frozen_centroids"":false,""spherical"":true,""min_points_per_centroid"":39,""nredo"":1,""max_points_per_centroid"":999999,""niter"":25}"
2025-12-29 16:42:29,faiss,glove200,25,25,200,1183514,100,1920.98,32,1363858.250000,"{""verbose"":false,""update_index"":false,""int_centroids"":false,""seed"":1234,""frozen_centroids"":false,""spherical"":true,""min_points_per_centroid"":39,""nredo"":1,""max_points_per_centroid"":999999,""niter"":25}"
2025-12-29 16:42:35,faiss,glove200,25,25,200,1183514,1000,6263.83,32,1212461.250000,"{""verbose"":false,""update_index"":false,""int_centroids"":false,""seed"":1234,""frozen_centroids"":false,""spherical"":true,""min_points_per_centroid"":39,""nredo"":1,""max_points_per_centroid"":999999,""niter"":25}"
2025-12-29 16:43:30,faiss,glove200,25,25,200,1183514,10000,54519.59,32,1076978.375000,"{""verbose"":false,""update_index"":false,""int_centroids"":false,""seed"":1234,""frozen_centroids"":false,""spherical"":true,""min_points_per_centroid"":39,""nredo"":1,""max_points_per_centroid"":999999,""niter"":25}"
2025-12-29 16:52:15,faiss,glove200,25,25,200,1183514,100000,525106.26,32,866135.437500,"{""verbose"":false,""update_index"":false,""int_centroids"":false,""seed"":1234,""frozen_centroids"":false,""spherical"":true,""min_points_per_centroid"":39,""nredo"":1,""max_points_per_centroid"":999999,""niter"":25}"
2025-12-29 16:52:17,scikit,glove200,25,25,200,1183514,10,848.99,32,1042598.187500,"{""init"": ""random"", ""n_init"": ""1"", ""max_iter"": ""25"", ""random_state"": ""42"", ""copy_x"": ""true"", ""tol"": ""0.0"", ""algorithm"": ""lloyd""}"
2025-12-29 16:52:18,scikit,glove200,25,25,200,1183514,100,1282.03,32,966035.812500,"{""init"": ""random"", ""n_init"": ""1"", ""max_iter"": ""25"", ""random_state"": ""42"", ""copy_x"": ""true"", ""tol"": ""0.0"", ""algorithm"": ""lloyd""}"
2025-12-29 16:52:24,scikit,glove200,25,25,200,1183514,1000,6372.28,32,895422.937500,"{""init"": ""random"", ""n_init"": ""1"", ""max_iter"": ""25"", ""random_state"": ""42"", ""copy_x"": ""true"", ""tol"": ""0.0"", ""algorithm"": ""lloyd""}"
2025-12-29 16:53:35,scikit,glove200,25,25,200,1183514,10000,70689.69,32,824209.937500,"{""init"": ""random"", ""n_init"": ""1"", ""max_iter"": ""25"", ""random_state"": ""42"", ""copy_x"": ""true"", ""tol"": ""0.0"", ""algorithm"": ""lloyd""}"
2025-12-29 17:06:29,scikit,glove200,25,25,200,1183514,100000,773863.49,32,701899.562500,"{""init"": ""random"", ""n_init"": ""1"", ""max_iter"": ""25"", ""random_state"": ""42"", ""copy_x"": ""true"", ""tol"": ""0.0"", ""algorithm"": ""lloyd""}"
2025-12-29 17:06:35,superkmeans,clip,25,25,512,1281167,10,4563.04,32,536927.937500,"{""verbose"":false,""recall_tol"":0.001000,""sampling_fraction"":1.000000,""iters"":25,""sample_queries"":false,""early_termination"":false,""n_threads"":32,""unrotate_centroids"":true,""seed"":42,""use_blas_only"":false,""tol"":0.000000,""ann_explore_fraction"":0.010000,""objective_k"":100,""perform_assignments"":false}"
2025-12-29 17:06:40,superkmeans,clip,25,25,512,1281167,100,4606.87,32,435534.750000,"{""verbose"":false,""recall_tol"":0.001000,""sampling_fraction"":1.000000,""iters"":25,""sample_queries"":false,""early_termination"":false,""n_threads"":32,""unrotate_centroids"":true,""seed"":42,""use_blas_only"":false,""tol"":0.000000,""ann_explore_fraction"":0.010000,""objective_k"":100,""perform_assignments"":false}"
2025-12-29 17:06:48,superkmeans,clip,25,25,512,1281167,1000,8008.99,32,336974.125000,"{""verbose"":false,""recall_tol"":0.001000,""sampling_fraction"":1.000000,""iters"":25,""sample_queries"":false,""early_termination"":false,""n_threads"":32,""unrotate_centroids"":true,""seed"":42,""use_blas_only"":false,""tol"":0.000000,""ann_explore_fraction"":0.010000,""objective_k"":100,""perform_assignments"":false}"
2025-12-29 17:07:30,superkmeans,clip,25,25,512,1281167,10000,42439.69,32,271827.343750,"{""verbose"":false,""recall_tol"":0.001000,""sampling_fraction"":1.000000,""iters"":25,""sample_queries"":false,""early_termination"":false,""n_threads"":32,""unrotate_centroids"":true,""seed"":42,""use_blas_only"":false,""tol"":0.000000,""ann_explore_fraction"":0.010000,""objective_k"":100,""perform_assignments"":false}"
2025-12-29 17:13:45,superkmeans,clip,25,25,512,1281167,100000,375412.81,32,212662.406250,"{""verbose"":false,""recall_tol"":0.001000,""sampling_fraction"":1.000000,""iters"":25,""sample_queries"":false,""early_termination"":false,""n_threads"":32,""unrotate_centroids"":true,""seed"":42,""use_blas_only"":false,""tol"":0.000000,""ann_explore_fraction"":0.010000,""objective_k"":100,""perform_assignments"":false}"
2025-12-29 17:13:51,faiss,clip,25,25,512,1281167,10,4616.11,32,538024.000000,"{""verbose"":false,""update_index"":false,""int_centroids"":false,""seed"":1234,""frozen_centroids"":false,""spherical"":false,""min_points_per_centroid"":39,""nredo"":1,""max_points_per_centroid"":999999,""niter"":25}"
2025-12-29 17:13:56,faiss,clip,25,25,512,1281167,100,4330.07,32,436022.656250,"{""verbose"":false,""update_index"":false,""int_centroids"":false,""seed"":1234,""frozen_centroids"":false,""spherical"":false,""min_points_per_centroid"":39,""nredo"":1,""max_points_per_centroid"":999999,""niter"":25}"
2025-12-29 17:14:12,faiss,clip,25,25,512,1281167,1000,16525.38,32,336667.531250,"{""verbose"":false,""update_index"":false,""int_centroids"":false,""seed"":1234,""frozen_centroids"":false,""spherical"":false,""min_points_per_centroid"":39,""nredo"":1,""max_points_per_centroid"":999999,""niter"":25}"
2025-12-29 17:16:38,faiss,clip,25,25,512,1281167,10000,145725.52,32,271677.187500,"{""verbose"":false,""update_index"":false,""int_centroids"":false,""seed"":1234,""frozen_centroids"":false,""spherical"":false,""min_points_per_centroid"":39,""nredo"":1,""max_points_per_centroid"":999999,""niter"":25}"
2025-12-29 17:40:31,faiss,clip,25,25,512,1281167,100000,1433175.44,32,212484.609375,"{""verbose"":false,""update_index"":false,""int_centroids"":false,""seed"":1234,""frozen_centroids"":false,""spherical"":false,""min_points_per_centroid"":39,""nredo"":1,""max_points_per_centroid"":999999,""niter"":25}"
2025-12-29 17:40:35,scikit,clip,25,25,512,1281167,10,2250.28,32,537562.250000,"{""init"": ""random"", ""n_init"": ""1"", ""max_iter"": ""25"", ""random_state"": ""42"", ""copy_x"": ""true"", ""tol"": ""0.0"", ""algorithm"": ""lloyd""}"
2025-12-29 17:40:38,scikit,clip,25,25,512,1281167,100,3499.24,32,435574.031250,"{""init"": ""random"", ""n_init"": ""1"", ""max_iter"": ""25"", ""random_state"": ""42"", ""copy_x"": ""true"", ""tol"": ""0.0"", ""algorithm"": ""lloyd""}"
2025-12-29 17:40:55,scikit,clip,25,25,512,1281167,1000,16879.39,32,336845.500000,"{""init"": ""random"", ""n_init"": ""1"", ""max_iter"": ""25"", ""random_state"": ""42"", ""copy_x"": ""true"", ""tol"": ""0.0"", ""algorithm"": ""lloyd""}"
2025-12-29 17:43:42,scikit,clip,25,25,512,1281167,10000,166722.22,32,271787.093750,"{""init"": ""random"", ""n_init"": ""1"", ""max_iter"": ""25"", ""random_state"": ""42"", ""copy_x"": ""true"", ""tol"": ""0.0"", ""algorithm"": ""lloyd""}"
2025-12-29 18:11:50,scikit,clip,25,25,512,1281167,100000,1687607.91,32,212516.937500,"{""init"": ""random"", ""n_init"": ""1"", ""max_iter"": ""25"", ""random_state"": ""42"", ""copy_x"": ""true"", ""tol"": ""0.0"", ""algorithm"": ""lloyd""}"
2025-12-29 18:12:19,superkmeans,mxbai,25,25,1024,769382,10,4743.32,32,155248992.000000,"{""verbose"":false,""recall_tol"":0.001000,""sampling_fraction"":1.000000,""iters"":25,""sample_queries"":false,""early_termination"":false,""n_threads"":32,""unrotate_centroids"":true,""seed"":42,""use_blas_only"":false,""tol"":0.000000,""ann_explore_fraction"":0.010000,""objective_k"":100,""perform_assignments"":false}"
2025-12-29 18:12:24,superkmeans,mxbai,25,25,1024,769382,100,5114.30,32,133840448.000000,"{""verbose"":false,""recall_tol"":0.001000,""sampling_fraction"":1.000000,""iters"":25,""sample_queries"":false,""early_termination"":false,""n_threads"":32,""unrotate_centroids"":true,""seed"":42,""use_blas_only"":false,""tol"":0.000000,""ann_explore_fraction"":0.010000,""objective_k"":100,""perform_assignments"":false}"
2025-12-29 18:12:32,superkmeans,mxbai,25,25,1024,769382,1000,8191.63,32,112808832.000000,"{""verbose"":false,""recall_tol"":0.001000,""sampling_fraction"":1.000000,""iters"":25,""sample_queries"":false,""early_termination"":false,""n_threads"":32,""unrotate_centroids"":true,""seed"":42,""use_blas_only"":false,""tol"":0.000000,""ann_explore_fraction"":0.010000,""objective_k"":100,""perform_assignments"":false}"
2025-12-29 18:13:08,superkmeans,mxbai,25,25,1024,769382,10000,35872.36,32,90462184.000000,"{""verbose"":false,""recall_tol"":0.001000,""sampling_fraction"":1.000000,""iters"":25,""sample_queries"":false,""early_termination"":false,""n_threads"":32,""unrotate_centroids"":true,""seed"":42,""use_blas_only"":false,""tol"":0.000000,""ann_explore_fraction"":0.010000,""objective_k"":100,""perform_assignments"":false}"
2025-12-29 18:17:47,superkmeans,mxbai,25,25,1024,769382,100000,279024.44,32,60998912.000000,"{""verbose"":false,""recall_tol"":0.001000,""sampling_fraction"":1.000000,""iters"":25,""sample_queries"":false,""early_termination"":false,""n_threads"":32,""unrotate_centroids"":true,""seed"":42,""use_blas_only"":false,""tol"":0.000000,""ann_explore_fraction"":0.010000,""objective_k"":100,""perform_assignments"":false}"
2025-12-29 18:17:53,faiss,mxbai,25,25,1024,769382,10,4522.59,32,155195824.000000,"{""verbose"":false,""update_index"":false,""int_centroids"":false,""seed"":1234,""frozen_centroids"":false,""spherical"":false,""min_points_per_centroid"":39,""nredo"":1,""max_points_per_centroid"":999999,""niter"":25}"
2025-12-29 18:17:58,faiss,mxbai,25,25,1024,769382,100,4762.97,32,133803864.000000,"{""verbose"":false,""update_index"":false,""int_centroids"":false,""seed"":1234,""frozen_centroids"":false,""spherical"":false,""min_points_per_centroid"":39,""nredo"":1,""max_points_per_centroid"":999999,""niter"":25}"
2025-12-29 18:18:17,faiss,mxbai,25,25,1024,769382,1000,19029.14,32,112789264.000000,"{""verbose"":false,""update_index"":false,""int_centroids"":false,""seed"":1234,""frozen_centroids"":false,""spherical"":false,""min_points_per_centroid"":39,""nredo"":1,""max_points_per_centroid"":999999,""niter"":25}"
2025-12-29 18:21:04,faiss,mxbai,25,25,1024,769382,10000,166838.40,32,90467704.000000,"{""verbose"":false,""update_index"":false,""int_centroids"":false,""seed"":1234,""frozen_centroids"":false,""spherical"":false,""min_points_per_centroid"":39,""nredo"":1,""max_points_per_centroid"":999999,""niter"":25}"
2025-12-29 18:48:04,faiss,mxbai,25,25,1024,769382,100000,1620558.26,32,60971124.000000,"{""verbose"":false,""update_index"":false,""int_centroids"":false,""seed"":1234,""frozen_centroids"":false,""spherical"":false,""min_points_per_centroid"":39,""nredo"":1,""max_points_per_centroid"":999999,""niter"":25}"
2025-12-29 18:48:08,scikit,mxbai,25,25,1024,769382,10,2489.77,32,154763904.000000,"{""init"": ""random"", ""n_init"": ""1"", ""max_iter"": ""25"", ""random_state"": ""42"", ""copy_x"": ""true"", ""tol"": ""0.0"", ""algorithm"": ""lloyd""}"
2025-12-29 18:48:12,scikit,mxbai,25,25,1024,769382,100,3881.03,32,133992136.000000,"{""init"": ""random"", ""n_init"": ""1"", ""max_iter"": ""25"", ""random_state"": ""42"", ""copy_x"": ""true"", ""tol"": ""0.0"", ""algorithm"": ""lloyd""}"
2025-12-29 18:48:31,scikit,mxbai,25,25,1024,769382,1000,18607.75,32,112833152.000000,"{""init"": ""random"", ""n_init"": ""1"", ""max_iter"": ""25"", ""random_state"": ""42"", ""copy_x"": ""true"", ""tol"": ""0.0"", ""algorithm"": ""lloyd""}"
2025-12-29 18:51:23,scikit,mxbai,25,25,1024,769382,10000,172109.00,32,90399872.000000,"{""init"": ""random"", ""n_init"": ""1"", ""max_iter"": ""25"", ""random_state"": ""42"", ""copy_x"": ""true"", ""tol"": ""0.0"", ""algorithm"": ""lloyd""}"
2025-12-29 19:21:43,scikit,mxbai,25,25,1024,769382,100000,1820439.83,32,60970168.000000,"{""init"": ""random"", ""n_init"": ""1"", ""max_iter"": ""25"", ""random_state"": ""42"", ""copy_x"": ""true"", ""tol"": ""0.0"", ""algorithm"": ""lloyd""}"
2025-12-29 19:21:52,superkmeans,wiki,25,25,3072,260372,10,5919.86,32,219029.718750,"{""verbose"":false,""recall_tol"":0.001000,""sampling_fraction"":1.000000,""iters"":25,""sample_queries"":false,""early_termination"":false,""n_threads"":32,""unrotate_centroids"":true,""seed"":42,""use_blas_only"":false,""tol"":0.000000,""ann_explore_fraction"":0.010000,""objective_k"":100,""perform_assignments"":false}"
2025-12-29 19:22:00,superkmeans,wiki,25,25,3072,260372,100,6240.98,32,196086.984375,"{""verbose"":false,""recall_tol"":0.001000,""sampling_fraction"":1.000000,""iters"":25,""sample_queries"":false,""early_termination"":false,""n_threads"":32,""unrotate_centroids"":true,""seed"":42,""use_blas_only"":false,""tol"":0.000000,""ann_explore_fraction"":0.010000,""objective_k"":100,""perform_assignments"":false}"
2025-12-29 19:22:09,superkmeans,wiki,25,25,3072,260372,1000,7837.34,32,168576.468750,"{""verbose"":false,""recall_tol"":0.001000,""sampling_fraction"":1.000000,""iters"":25,""sample_queries"":false,""early_termination"":false,""n_threads"":32,""unrotate_centroids"":true,""seed"":42,""use_blas_only"":false,""tol"":0.000000,""ann_explore_fraction"":0.010000,""objective_k"":100,""perform_assignments"":false}"
2025-12-29 19:22:37,superkmeans,wiki,25,25,3072,260372,10000,26270.60,32,140931.484375,"{""verbose"":false,""recall_tol"":0.001000,""sampling_fraction"":1.000000,""iters"":25,""sample_queries"":false,""early_termination"":false,""n_threads"":32,""unrotate_centroids"":true,""seed"":42,""use_blas_only"":false,""tol"":0.000000,""ann_explore_fraction"":0.010000,""objective_k"":100,""perform_assignments"":false}"
2025-12-29 19:25:46,superkmeans,wiki,25,25,3072,260372,100000,187765.48,32,71482.101562,"{""verbose"":false,""recall_tol"":0.001000,""sampling_fraction"":1.000000,""iters"":25,""sample_queries"":false,""early_termination"":false,""n_threads"":32,""unrotate_centroids"":true,""seed"":42,""use_blas_only"":false,""tol"":0.000000,""ann_explore_fraction"":0.010000,""objective_k"":100,""perform_assignments"":false}"
2025-12-29 19:25:53,faiss,wiki,25,25,3072,260372,10,4646.68,32,219878.765625,"{""verbose"":false,""update_index"":false,""int_centroids"":false,""seed"":1234,""frozen_centroids"":false,""spherical"":false,""min_points_per_centroid"":39,""nredo"":1,""max_points_per_centroid"":999999,""niter"":25}"
2025-12-29 19:25:57,faiss,wiki,25,25,3072,260372,100,4705.60,32,196248.500000,"{""verbose"":false,""update_index"":false,""int_centroids"":false,""seed"":1234,""frozen_centroids"":false,""spherical"":false,""min_points_per_centroid"":39,""nredo"":1,""max_points_per_centroid"":999999,""niter"":25}"
2025-12-29 19:26:16,faiss,wiki,25,25,3072,260372,1000,18660.67,32,168604.281250,"{""verbose"":false,""update_index"":false,""int_centroids"":false,""seed"":1234,""frozen_centroids"":false,""spherical"":false,""min_points_per_centroid"":39,""nredo"":1,""max_points_per_centroid"":999999,""niter"":25}"
2025-12-29 19:29:01,faiss,wiki,25,25,3072,260372,10000,165286.49,32,140935.390625,"{""verbose"":false,""update_index"":false,""int_centroids"":false,""seed"":1234,""frozen_centroids"":false,""spherical"":false,""min_points_per_centroid"":39,""nredo"":1,""max_points_per_centroid"":999999,""niter"":25}"
2025-12-29 19:56:05,faiss,wiki,25,25,3072,260372,100000,1623650.33,32,71573.023438,"{""verbose"":false,""update_index"":false,""int_centroids"":false,""seed"":1234,""frozen_centroids"":false,""spherical"":false,""min_points_per_centroid"":39,""nredo"":1,""max_points_per_centroid"":999999,""niter"":25}"
2025-12-29 19:56:10,scikit,wiki,25,25,3072,260372,10,2855.62,32,219437.234375,"{""init"": ""random"", ""n_init"": ""1"", ""max_iter"": ""25"", ""random_state"": ""42"", ""copy_x"": ""true"", ""tol"": ""0.0"", ""algorithm"": ""lloyd""}"
2025-12-29 19:56:14,scikit,wiki,25,25,3072,260372,100,4404.92,32,196178.203125,"{""init"": ""random"", ""n_init"": ""1"", ""max_iter"": ""25"", ""random_state"": ""42"", ""copy_x"": ""true"", ""tol"": ""0.0"", ""algorithm"": ""lloyd""}"
2025-12-29 19:56:35,scikit,wiki,25,25,3072,260372,1000,21179.64,32,168522.812500,"{""init"": ""random"", ""n_init"": ""1"", ""max_iter"": ""25"", ""random_state"": ""42"", ""copy_x"": ""true"", ""tol"": ""0.0"", ""algorithm"": ""lloyd""}"
2025-12-29 19:59:49,scikit,wiki,25,25,3072,260372,10000,193513.97,32,140966.359375,"{""init"": ""random"", ""n_init"": ""1"", ""max_iter"": ""25"", ""random_state"": ""42"", ""copy_x"": ""true"", ""tol"": ""0.0"", ""algorithm"": ""lloyd""}"
2025-12-29 20:09:31,scikit,wiki,25,25,3072,260372,100000,1819703.50,32,71562.773438,"{""init"": ""random"", ""n_init"": ""1"", ""max_iter"": ""25"", ""random_state"": ""42"", ""copy_x"": ""true"", ""tol"": ""0.0"", ""algorithm"": ""lloyd""}"
2025-12-29 21:21:27,superkmeans,gist,25,25,960,1000000,10,6806.71,32,1474034.250000,"{""verbose"":false,""recall_tol"":0.001000,""sampling_fraction"":1.000000,""iters"":25,""sample_queries"":false,""early_termination"":false,""n_threads"":32,""unrotate_centroids"":true,""seed"":42,""use_blas_only"":false,""tol"":0.000000,""ann_explore_fraction"":0.010000,""objective_k"":100,""perform_assignments"":false}"
2025-12-29 21:21:34,superkmeans,gist,25,25,960,1000000,100,6813.59,32,1256231.500000,"{""verbose"":false,""recall_tol"":0.001000,""sampling_fraction"":1.000000,""iters"":25,""sample_queries"":false,""early_termination"":false,""n_threads"":32,""unrotate_centroids"":true,""seed"":42,""use_blas_only"":false,""tol"":0.000000,""ann_explore_fraction"":0.010000,""objective_k"":100,""perform_assignments"":false}"
2025-12-29 21:21:46,superkmeans,gist,25,25,960,1000000,1000,11672.59,32,1109763.125000,"{""verbose"":false,""recall_tol"":0.001000,""sampling_fraction"":1.000000,""iters"":25,""sample_queries"":false,""early_termination"":false,""n_threads"":32,""unrotate_centroids"":true,""seed"":42,""use_blas_only"":false,""tol"":0.000000,""ann_explore_fraction"":0.010000,""objective_k"":100,""perform_assignments"":false}"
2025-12-29 21:22:41,superkmeans,gist,25,25,960,1000000,10000,55093.81,32,988770.750000,"{""verbose"":false,""recall_tol"":0.001000,""sampling_fraction"":1.000000,""iters"":25,""sample_queries"":false,""early_termination"":false,""n_threads"":32,""unrotate_centroids"":true,""seed"":42,""use_blas_only"":false,""tol"":0.000000,""ann_explore_fraction"":0.010000,""objective_k"":100,""perform_assignments"":false}"
2025-12-29 21:29:06,superkmeans,gist,25,25,960,1000000,100000,385139.32,32,799814.875000,"{""verbose"":false,""recall_tol"":0.001000,""sampling_fraction"":1.000000,""iters"":25,""sample_queries"":false,""early_termination"":false,""n_threads"":32,""unrotate_centroids"":true,""seed"":42,""use_blas_only"":false,""tol"":0.000000,""ann_explore_fraction"":0.010000,""objective_k"":100,""perform_assignments"":false}"
2025-12-29 21:29:15,faiss,gist,25,25,960,1000000,10,6569.90,32,1474928.375000,"{""verbose"":false,""update_index"":false,""int_centroids"":false,""seed"":1234,""frozen_centroids"":false,""spherical"":false,""min_points_per_centroid"":39,""nredo"":1,""max_points_per_centroid"":999999,""niter"":25}"
2025-12-29 21:29:21,faiss,gist,25,25,960,1000000,100,6327.44,32,1256778.625000,"{""verbose"":false,""update_index"":false,""int_centroids"":false,""seed"":1234,""frozen_centroids"":false,""spherical"":false,""min_points_per_centroid"":39,""nredo"":1,""max_points_per_centroid"":999999,""niter"":25}"
2025-12-29 21:29:45,faiss,gist,25,25,960,1000000,1000,23292.84,32,1109697.500000,"{""verbose"":false,""update_index"":false,""int_centroids"":false,""seed"":1234,""frozen_centroids"":false,""spherical"":false,""min_points_per_centroid"":39,""nredo"":1,""max_points_per_centroid"":999999,""niter"":25}"
2025-12-29 21:33:09,faiss,gist,25,25,960,1000000,10000,204541.09,32,988751.625000,"{""verbose"":false,""update_index"":false,""int_centroids"":false,""seed"":1234,""frozen_centroids"":false,""spherical"":false,""min_points_per_centroid"":39,""nredo"":1,""max_points_per_centroid"":999999,""niter"":25}"
2025-12-29 22:06:36,faiss,gist,25,25,960,1000000,100000,2006430.81,32,799685.687500,"{""verbose"":false,""update_index"":false,""int_centroids"":false,""seed"":1234,""frozen_centroids"":false,""spherical"":false,""min_points_per_centroid"":39,""nredo"":1,""max_points_per_centroid"":999999,""niter"":25}"
2025-12-29 22:06:41,scikit,gist,25,25,960,1000000,10,3308.32,32,1478122.875000,"{""init"": ""random"", ""n_init"": ""1"", ""max_iter"": ""25"", ""random_state"": ""42"", ""copy_x"": ""true"", ""tol"": ""0.0"", ""algorithm"": ""lloyd""}"
2025-12-29 22:06:46,scikit,gist,25,25,960,1000000,100,5092.62,32,1255898.250000,"{""init"": ""random"", ""n_init"": ""1"", ""max_iter"": ""25"", ""random_state"": ""42"", ""copy_x"": ""true"", ""tol"": ""0.0"", ""algorithm"": ""lloyd""}"
2025-12-29 22:07:10,scikit,gist,25,25,960,1000000,1000,24360.92,32,1109284.750000,"{""init"": ""random"", ""n_init"": ""1"", ""max_iter"": ""25"", ""random_state"": ""42"", ""copy_x"": ""true"", ""tol"": ""0.0"", ""algorithm"": ""lloyd""}"
2025-12-29 22:11:01,scikit,gist,25,25,960,1000000,10000,230462.00,32,988161.187500,"{""init"": ""random"", ""n_init"": ""1"", ""max_iter"": ""25"", ""random_state"": ""42"", ""copy_x"": ""true"", ""tol"": ""0.0"", ""algorithm"": ""lloyd""}"
2025-12-29 22:48:50,scikit,gist,25,25,960,1000000,100000,2268953.01,32,798038.312500,"{""init"": ""random"", ""n_init"": ""1"", ""max_iter"": ""25"", ""random_state"": ""42"", ""copy_x"": ""true"", ""tol"": ""0.0"", ""algorithm"": ""lloyd""}"
2025-12-29 22:49:03,superkmeans,openai,25,25,1536,999000,10,9662.33,32,848547.937500,"{""verbose"":false,""recall_tol"":0.001000,""sampling_fraction"":1.000000,""iters"":25,""sample_queries"":false,""early_termination"":false,""n_threads"":32,""unrotate_centroids"":true,""seed"":42,""use_blas_only"":false,""tol"":0.000000,""ann_explore_fraction"":0.010000,""objective_k"":100,""perform_assignments"":false}"
2025-12-29 22:49:14,superkmeans,openai,25,25,1536,999000,100,11050.83,32,766344.875000,"{""verbose"":false,""recall_tol"":0.001000,""sampling_fraction"":1.000000,""iters"":25,""sample_queries"":false,""early_termination"":false,""n_threads"":32,""unrotate_centroids"":true,""seed"":42,""use_blas_only"":false,""tol"":0.000000,""ann_explore_fraction"":0.010000,""objective_k"":100,""perform_assignments"":false}"
2025-12-29 22:49:31,superkmeans,openai,25,25,1536,999000,1000,16497.13,32,677632.750000,"{""verbose"":false,""recall_tol"":0.001000,""sampling_fraction"":1.000000,""iters"":25,""sample_queries"":false,""early_termination"":false,""n_threads"":32,""unrotate_centroids"":true,""seed"":42,""use_blas_only"":false,""tol"":0.000000,""ann_explore_fraction"":0.010000,""objective_k"":100,""perform_assignments"":false}"
2025-12-30 18:20:05,superkmeans,openai,25,25,1536,999000,3997,33630.40,32,621441.062500,"{""verbose"":false,""recall_tol"":0.001000,""sampling_fraction"":1.000000,""iters"":25,""sample_queries"":false,""early_termination"":false,""n_threads"":32,""unrotate_centroids"":true,""seed"":42,""use_blas_only"":false,""tol"":0.000000,""ann_explore_fraction"":0.010000,""objective_k"":100,""perform_assignments"":false}"
2025-12-29 22:50:35,superkmeans,openai,25,25,1536,999000,10000,64207.99,32,583080.312500,"{""verbose"":false,""recall_tol"":0.001000,""sampling_fraction"":1.000000,""iters"":25,""sample_queries"":false,""early_termination"":false,""n_threads"":32,""unrotate_centroids"":true,""seed"":42,""use_blas_only"":false,""tol"":0.000000,""ann_explore_fraction"":0.010000,""objective_k"":100,""perform_assignments"":false}"
2025-12-29 22:58:08,superkmeans,openai,25,25,1536,999000,100000,452369.48,32,457746.281250,"{""verbose"":false,""recall_tol"":0.001000,""sampling_fraction"":1.000000,""iters"":25,""sample_queries"":false,""early_termination"":false,""n_threads"":32,""unrotate_centroids"":true,""seed"":42,""use_blas_only"":false,""tol"":0.000000,""ann_explore_fraction"":0.010000,""objective_k"":100,""perform_assignments"":false}"
2025-12-29 22:58:19,faiss,openai,25,25,1536,999000,10,7875.37,32,847708.125000,"{""verbose"":false,""update_index"":false,""int_centroids"":false,""seed"":1234,""frozen_centroids"":false,""spherical"":false,""min_points_per_centroid"":39,""nredo"":1,""max_points_per_centroid"":999999,""niter"":25}"
2025-12-29 22:58:29,faiss,openai,25,25,1536,999000,100,9506.99,32,766074.937500,"{""verbose"":false,""update_index"":false,""int_centroids"":false,""seed"":1234,""frozen_centroids"":false,""spherical"":false,""min_points_per_centroid"":39,""nredo"":1,""max_points_per_centroid"":999999,""niter"":25}"
2025-12-29 22:59:05,faiss,openai,25,25,1536,999000,1000,36257.86,32,677173.937500,"{""verbose"":false,""update_index"":false,""int_centroids"":false,""seed"":1234,""frozen_centroids"":false,""spherical"":false,""min_points_per_centroid"":39,""nredo"":1,""max_points_per_centroid"":999999,""niter"":25}"
2025-12-30 18:22:38,faiss,openai,25,25,1536,999000,3997,130404.90,32,621428.375000,"{""verbose"":false,""update_index"":false,""int_centroids"":false,""seed"":1234,""frozen_centroids"":false,""spherical"":false,""min_points_per_centroid"":39,""nredo"":1,""max_points_per_centroid"":999999,""niter"":25}"
2025-12-29 23:04:25,faiss,openai,25,25,1536,999000,10000,319706.42,32,583144.875000,"{""verbose"":false,""update_index"":false,""int_centroids"":false,""seed"":1234,""frozen_centroids"":false,""spherical"":false,""min_points_per_centroid"":39,""nredo"":1,""max_points_per_centroid"":999999,""niter"":25}"
2025-12-29 23:56:48,faiss,openai,25,25,1536,999000,100000,3143088.41,32,457615.718750,"{""verbose"":false,""update_index"":false,""int_centroids"":false,""seed"":1234,""frozen_centroids"":false,""spherical"":false,""min_points_per_centroid"":39,""nredo"":1,""max_points_per_centroid"":999999,""niter"":25}"
2025-12-29 23:56:55,scikit,openai,25,25,1536,999000,10,5259.62,32,848668.812500,"{""init"": ""random"", ""n_init"": ""1"", ""max_iter"": ""25"", ""random_state"": ""42"", ""copy_x"": ""true"", ""tol"": ""0.0"", ""algorithm"": ""lloyd""}"
2025-12-29 23:57:03,scikit,openai,25,25,1536,999000,100,7919.43,32,766898.750000,"{""init"": ""random"", ""n_init"": ""1"", ""max_iter"": ""25"", ""random_state"": ""42"", ""copy_x"": ""true"", ""tol"": ""0.0"", ""algorithm"": ""lloyd""}"
2025-12-29 23:57:41,scikit,openai,25,25,1536,999000,1000,37787.13,32,677623.375000,"{""init"": ""random"", ""n_init"": ""1"", ""max_iter"": ""25"", ""random_state"": ""42"", ""copy_x"": ""true"", ""tol"": ""0.0"", ""algorithm"": ""lloyd""}"
2025-12-30 18:24:57,scikit,openai,25,25,1536,999000,3997,134555.50,32,621440.625000,"{""init"": ""random"", ""n_init"": ""1"", ""max_iter"": ""25"", ""random_state"": ""42"", ""copy_x"": ""true"", ""tol"": ""0.0"", ""algorithm"": ""lloyd""}"
2025-12-30 00:03:24,scikit,openai,25,25,1536,999000,10000,342501.02,32,582829.375000,"{""init"": ""random"", ""n_init"": ""1"", ""max_iter"": ""25"", ""random_state"": ""42"", ""copy_x"": ""true"", ""tol"": ""0.0"", ""algorithm"": ""lloyd""}"
2025-12-30 00:48:27,scikit,openai,25,25,1536,999000,100000,3071646.80,32,457518.718750,"{""init"": ""random"", ""n_init"": ""1"", ""max_iter"": ""25"", ""random_state"": ""42"", ""copy_x"": ""true"", ""tol"": ""0.0"", ""algorithm"": ""lloyd""}"
2025-12-30 00:48:42,superkmeans,arxiv,25,25,768,2253000,10,11458.00,32,560589.000000,"{""verbose"":false,""recall_tol"":0.001000,""sampling_fraction"":1.000000,""iters"":25,""sample_queries"":false,""early_termination"":false,""n_threads"":32,""unrotate_centroids"":true,""seed"":42,""use_blas_only"":false,""tol"":0.000000,""ann_explore_fraction"":0.010000,""objective_k"":100,""perform_assignments"":false}"
2025-12-30 00:48:53,superkmeans,arxiv,25,25,768,2253000,100,11318.31,32,489502.468750,"{""verbose"":false,""recall_tol"":0.001000,""sampling_fraction"":1.000000,""iters"":25,""sample_queries"":false,""early_termination"":false,""n_threads"":32,""unrotate_centroids"":true,""seed"":42,""use_blas_only"":false,""tol"":0.000000,""ann_explore_fraction"":0.010000,""objective_k"":100,""perform_assignments"":false}"
2025-12-30 00:49:13,superkmeans,arxiv,25,25,768,2253000,1000,20185.23,32,427969.812500,"{""verbose"":false,""recall_tol"":0.001000,""sampling_fraction"":1.000000,""iters"":25,""sample_queries"":false,""early_termination"":false,""n_threads"":32,""unrotate_centroids"":true,""seed"":42,""use_blas_only"":false,""tol"":0.000000,""ann_explore_fraction"":0.010000,""objective_k"":100,""perform_assignments"":false}"
2025-12-30 00:50:54,superkmeans,arxiv,25,25,768,2253000,10000,100622.21,32,369892.656250,"{""verbose"":false,""recall_tol"":0.001000,""sampling_fraction"":1.000000,""iters"":25,""sample_queries"":false,""early_termination"":false,""n_threads"":32,""unrotate_centroids"":true,""seed"":42,""use_blas_only"":false,""tol"":0.000000,""ann_explore_fraction"":0.010000,""objective_k"":100,""perform_assignments"":false}"
2025-12-30 01:02:47,superkmeans,arxiv,25,25,768,2253000,100000,713461.01,32,309246.562500,"{""verbose"":false,""recall_tol"":0.001000,""sampling_fraction"":1.000000,""iters"":25,""sample_queries"":false,""early_termination"":false,""n_threads"":32,""unrotate_centroids"":true,""seed"":42,""use_blas_only"":false,""tol"":0.000000,""ann_explore_fraction"":0.010000,""objective_k"":100,""perform_assignments"":false}"
2025-12-30 01:03:02,faiss,arxiv,25,25,768,2253000,10,10475.26,32,561845.250000,"{""verbose"":false,""update_index"":false,""int_centroids"":false,""seed"":1234,""frozen_centroids"":false,""spherical"":false,""min_points_per_centroid"":39,""nredo"":1,""max_points_per_centroid"":999999,""niter"":25}"
2025-12-30 01:03:12,faiss,arxiv,25,25,768,2253000,100,10699.00,32,489571.156250,"{""verbose"":false,""update_index"":false,""int_centroids"":false,""seed"":1234,""frozen_centroids"":false,""spherical"":false,""min_points_per_centroid"":39,""nredo"":1,""max_points_per_centroid"":999999,""niter"":25}"
2025-12-30 01:03:50,faiss,arxiv,25,25,768,2253000,1000,37892.27,32,427843.062500,"{""verbose"":false,""update_index"":false,""int_centroids"":false,""seed"":1234,""frozen_centroids"":false,""spherical"":false,""min_points_per_centroid"":39,""nredo"":1,""max_points_per_centroid"":999999,""niter"":25}"
2025-12-30 01:09:20,faiss,arxiv,25,25,768,2253000,10000,330170.60,32,369804.093750,"{""verbose"":false,""update_index"":false,""int_centroids"":false,""seed"":1234,""frozen_centroids"":false,""spherical"":false,""min_points_per_centroid"":39,""nredo"":1,""max_points_per_centroid"":999999,""niter"":25}"
2025-12-30 02:03:24,faiss,arxiv,25,25,768,2253000,100000,3243456.07,32,309173.843750,"{""verbose"":false,""update_index"":false,""int_centroids"":false,""seed"":1234,""frozen_centroids"":false,""spherical"":false,""min_points_per_centroid"":39,""nredo"":1,""max_points_per_centroid"":999999,""niter"":25}"
2025-12-30 02:03:32,scikit,arxiv,25,25,768,2253000,10,5596.44,32,561206.062500,"{""init"": ""random"", ""n_init"": ""1"", ""max_iter"": ""25"", ""random_state"": ""42"", ""copy_x"": ""true"", ""tol"": ""0.0"", ""algorithm"": ""lloyd""}"
2025-12-30 02:03:40,scikit,arxiv,25,25,768,2253000,100,8551.61,32,488971.187500,"{""init"": ""random"", ""n_init"": ""1"", ""max_iter"": ""25"", ""random_state"": ""42"", ""copy_x"": ""true"", ""tol"": ""0.0"", ""algorithm"": ""lloyd""}"
2025-12-30 02:04:20,scikit,arxiv,25,25,768,2253000,1000,39420.71,32,427816.593750,"{""init"": ""random"", ""n_init"": ""1"", ""max_iter"": ""25"", ""random_state"": ""42"", ""copy_x"": ""true"", ""tol"": ""0.0"", ""algorithm"": ""lloyd""}"
2025-12-30 02:10:22,scikit,arxiv,25,25,768,2253000,10000,362338.40,32,369808.750000,"{""init"": ""random"", ""n_init"": ""1"", ""max_iter"": ""25"", ""random_state"": ""42"", ""copy_x"": ""true"", ""tol"": ""0.0"", ""algorithm"": ""lloyd""}"
2025-12-30 03:11:30,scikit,arxiv,25,25,768,2253000,100000,3668293.69,32,309179.218750,"{""init"": ""random"", ""n_init"": ""1"", ""max_iter"": ""25"", ""random_state"": ""42"", ""copy_x"": ""true"", ""tol"": ""0.0"", ""algorithm"": ""lloyd""}"
2025-12-30 03:12:46,superkmeans,cohere,25,25,1024,10000000,10,56037.88,32,7856573.500000,"{""verbose"":false,""recall_tol"":0.001000,""sampling_fraction"":1.000000,""iters"":25,""sample_queries"":false,""early_termination"":false,""n_threads"":32,""unrotate_centroids"":true,""seed"":42,""use_blas_only"":false,""tol"":0.000000,""ann_explore_fraction"":0.010000,""objective_k"":100,""perform_assignments"":false}"
2025-12-30 03:13:45,superkmeans,cohere,25,25,1024,10000000,100,58568.60,32,7006042.500000,"{""verbose"":false,""recall_tol"":0.001000,""sampling_fraction"":1.000000,""iters"":25,""sample_queries"":false,""early_termination"":false,""n_threads"":32,""unrotate_centroids"":true,""seed"":42,""use_blas_only"":false,""tol"":0.000000,""ann_explore_fraction"":0.010000,""objective_k"":100,""perform_assignments"":false}"
2025-12-30 03:15:24,superkmeans,cohere,25,25,1024,10000000,1000,99587.06,32,6113162.000000,"{""verbose"":false,""recall_tol"":0.001000,""sampling_fraction"":1.000000,""iters"":25,""sample_queries"":false,""early_termination"":false,""n_threads"":32,""unrotate_centroids"":true,""seed"":42,""use_blas_only"":false,""tol"":0.000000,""ann_explore_fraction"":0.010000,""objective_k"":100,""perform_assignments"":false}"
2025-12-30 03:23:19,superkmeans,cohere,25,25,1024,10000000,10000,474720.44,32,5184117.000000,"{""verbose"":false,""recall_tol"":0.001000,""sampling_fraction"":1.000000,""iters"":25,""sample_queries"":false,""early_termination"":false,""n_threads"":32,""unrotate_centroids"":true,""seed"":42,""use_blas_only"":false,""tol"":0.000000,""ann_explore_fraction"":0.010000,""objective_k"":100,""perform_assignments"":false}"
2025-12-30 04:20:06,superkmeans,cohere,25,25,1024,10000000,100000,3407348.94,32,4053870.250000,"{""verbose"":false,""recall_tol"":0.001000,""sampling_fraction"":1.000000,""iters"":25,""sample_queries"":false,""early_termination"":false,""n_threads"":32,""unrotate_centroids"":true,""seed"":42,""use_blas_only"":false,""tol"":0.000000,""ann_explore_fraction"":0.010000,""objective_k"":100,""perform_assignments"":false}"
2025-12-30 04:21:38,faiss,cohere,25,25,1024,10000000,10,70843.27,32,8161407.000000,"{""verbose"":false,""update_index"":false,""int_centroids"":false,""seed"":1234,""frozen_centroids"":false,""spherical"":false,""min_points_per_centroid"":39,""nredo"":1,""max_points_per_centroid"":999999,""niter"":25}"
2025-12-30 04:22:34,faiss,cohere,25,25,1024,10000000,100,55978.96,32,6820881.500000,"{""verbose"":false,""update_index"":false,""int_centroids"":false,""seed"":1234,""frozen_centroids"":false,""spherical"":false,""min_points_per_centroid"":39,""nredo"":1,""max_points_per_centroid"":999999,""niter"":25}"
2025-12-30 04:26:13,faiss,cohere,25,25,1024,10000000,1000,218672.76,32,5885562.000000,"{""verbose"":false,""update_index"":false,""int_centroids"":false,""seed"":1234,""frozen_centroids"":false,""spherical"":false,""min_points_per_centroid"":39,""nredo"":1,""max_points_per_centroid"":999999,""niter"":25}"
2025-12-30 04:58:31,faiss,cohere,25,25,1024,10000000,10000,1938216.82,32,5148221.500000,"{""verbose"":false,""update_index"":false,""int_centroids"":false,""seed"":1234,""frozen_centroids"":false,""spherical"":false,""min_points_per_centroid"":39,""nredo"":1,""max_points_per_centroid"":999999,""niter"":25}"
2025-12-30 10:16:50,faiss,cohere,25,25,1024,10000000,100000,19098753.28,32,4041195.250000,"{""verbose"":false,""update_index"":false,""int_centroids"":false,""seed"":1234,""frozen_centroids"":false,""spherical"":false,""min_points_per_centroid"":39,""nredo"":1,""max_points_per_centroid"":999999,""niter"":25}"
2025-12-30 10:17:32,scikit,cohere,25,25,1024,10000000,10,31415.69,32,7854904.000000,"{""init"": ""random"", ""n_init"": ""1"", ""max_iter"": ""25"", ""random_state"": ""42"", ""copy_x"": ""true"", ""tol"": ""0.0"", ""algorithm"": ""lloyd""}"
2025-12-30 10:18:20,scikit,cohere,25,25,1024,10000000,100,48015.40,32,7010978.000000,"{""init"": ""random"", ""n_init"": ""1"", ""max_iter"": ""25"", ""random_state"": ""42"", ""copy_x"": ""true"", ""tol"": ""0.0"", ""algorithm"": ""lloyd""}"
2025-12-30 10:22:06,scikit,cohere,25,25,1024,10000000,1000,225683.55,32,6112665.500000,"{""init"": ""random"", ""n_init"": ""1"", ""max_iter"": ""25"", ""random_state"": ""42"", ""copy_x"": ""true"", ""tol"": ""0.0"", ""algorithm"": ""lloyd""}"
2025-12-30 10:56:07,scikit,cohere,25,25,1024,10000000,10000,2041110.08,32,5179460.500000,"{""init"": ""random"", ""n_init"": ""1"", ""max_iter"": ""25"", ""random_state"": ""42"", ""copy_x"": ""true"", ""tol"": ""0.0"", ""algorithm"": ""lloyd""}"
2025-12-30 16:45:09,scikit,cohere,25,25,1024,10000000,100000,20941888.91,32,4051518.250000,"{""init"": ""random"", ""n_init"": ""1"", ""max_iter"": ""25"", ""random_state"": ""42"", ""copy_x"": ""true"", ""tol"": ""0.0"", ""algorithm"": ""lloyd""}"
2025-12-30 17:51:26,superkmeans,fmnist,25,25,784,60000,10,298.34,32,127052972032.000000,"{""verbose"":false,""recall_tol"":0.001000,""sampling_fraction"":1.000000,""iters"":25,""sample_queries"":false,""early_termination"":false,""n_threads"":32,""unrotate_centroids"":true,""seed"":42,""use_blas_only"":false,""tol"":0.000000,""ann_explore_fraction"":0.010000,""objective_k"":100,""perform_assignments"":false}"
2025-12-30 17:51:26,superkmeans,fmnist,25,25,784,60000,100,306.86,32,79250931712.000000,"{""verbose"":false,""recall_tol"":0.001000,""sampling_fraction"":1.000000,""iters"":25,""sample_queries"":false,""early_termination"":false,""n_threads"":32,""unrotate_centroids"":true,""seed"":42,""use_blas_only"":false,""tol"":0.000000,""ann_explore_fraction"":0.010000,""objective_k"":100,""perform_assignments"":false}"
2025-12-30 17:51:27,superkmeans,fmnist,25,25,784,60000,1000,451.41,32,57633701888.000000,"{""verbose"":false,""recall_tol"":0.001000,""sampling_fraction"":1.000000,""iters"":25,""sample_queries"":false,""early_termination"":false,""n_threads"":32,""unrotate_centroids"":true,""seed"":42,""use_blas_only"":false,""tol"":0.000000,""ann_explore_fraction"":0.010000,""objective_k"":100,""perform_assignments"":false}"
2025-12-30 17:51:29,superkmeans,fmnist,25,25,784,60000,10000,2445.10,32,37514301440.000000,"{""verbose"":false,""recall_tol"":0.001000,""sampling_fraction"":1.000000,""iters"":25,""sample_queries"":false,""early_termination"":false,""n_threads"":32,""unrotate_centroids"":true,""seed"":42,""use_blas_only"":false,""tol"":0.000000,""ann_explore_fraction"":0.010000,""objective_k"":100,""perform_assignments"":false}"
2025-12-30 17:51:29,faiss,fmnist,25,25,784,60000,10,251.14,32,125769875456.000000,"{""verbose"":false,""update_index"":false,""int_centroids"":false,""seed"":1234,""frozen_centroids"":false,""spherical"":false,""min_points_per_centroid"":39,""nredo"":1,""max_points_per_centroid"":999999,""niter"":25}"
2025-12-30 17:51:30,faiss,fmnist,25,25,784,60000,100,279.55,32,79522463744.000000,"{""verbose"":false,""update_index"":false,""int_centroids"":false,""seed"":1234,""frozen_centroids"":false,""spherical"":false,""min_points_per_centroid"":39,""nredo"":1,""max_points_per_centroid"":999999,""niter"":25}"
2025-12-30 17:51:31,faiss,fmnist,25,25,784,60000,1000,1156.80,32,57662562304.000000,"{""verbose"":false,""update_index"":false,""int_centroids"":false,""seed"":1234,""frozen_centroids"":false,""spherical"":false,""min_points_per_centroid"":39,""nredo"":1,""max_points_per_centroid"":999999,""niter"":25}"
2025-12-30 17:51:41,faiss,fmnist,25,25,784,60000,10000,10399.93,32,37438631936.000000,"{""verbose"":false,""update_index"":false,""int_centroids"":false,""seed"":1234,""frozen_centroids"":false,""spherical"":false,""min_points_per_centroid"":39,""nredo"":1,""max_points_per_centroid"":999999,""niter"":25}"
2025-12-30 17:51:42,scikit,fmnist,25,25,784,60000,10,175.00,32,128339951616.000000,"{""init"": ""random"", ""n_init"": ""1"", ""max_iter"": ""25"", ""random_state"": ""42"", ""copy_x"": ""true"", ""tol"": ""0.0"", ""algorithm"": ""lloyd""}"
2025-12-30 17:51:43,scikit,fmnist,25,25,784,60000,100,288.41,32,78996127744.000000,"{""init"": ""random"", ""n_init"": ""1"", ""max_iter"": ""25"", ""random_state"": ""42"", ""copy_x"": ""true"", ""tol"": ""0.0"", ""algorithm"": ""lloyd""}"
2025-12-30 17:51:44,scikit,fmnist,25,25,784,60000,1000,1661.99,32,57563975680.000000,"{""init"": ""random"", ""n_init"": ""1"", ""max_iter"": ""25"", ""random_state"": ""42"", ""copy_x"": ""true"", ""tol"": ""0.0"", ""algorithm"": ""lloyd""}"
2025-12-30 17:51:53,scikit,fmnist,25,14,784,60000,10000,8634.51,32,37485776896.000000,"{""init"": ""random"", ""n_init"": ""1"", ""max_iter"": ""25"", ""random_state"": ""42"", ""copy_x"": ""true"", ""tol"": ""0.0"", ""algorithm"": ""lloyd""}"
2026-01-17 20:19:49,superkmeans,contriever,25,25,768,990000,10,5014.38,32,786743.312500,"{""verbose"":false,""recall_tol"":0.001000,""sampling_fraction"":1.000000,""iters"":25,""sample_queries"":false,""early_termination"":false,""n_threads"":32,""unrotate_centroids"":true,""seed"":42,""use_blas_only"":false,""tol"":0.000000,""ann_explore_fraction"":0.010000,""objective_k"":100,""perform_assignments"":false}"
2026-01-17 20:19:54,superkmeans,contriever,25,25,768,990000,100,4858.19,32,735919.187500,"{""verbose"":false,""recall_tol"":0.001000,""sampling_fraction"":1.000000,""iters"":25,""sample_queries"":false,""early_termination"":false,""n_threads"":32,""unrotate_centroids"":true,""seed"":42,""use_blas_only"":false,""tol"":0.000000,""ann_explore_fraction"":0.010000,""objective_k"":100,""perform_assignments"":false}"
2026-01-17 20:20:06,superkmeans,contriever,25,25,768,990000,1000,12022.85,32,673937.687500,"{""verbose"":false,""recall_tol"":0.001000,""sampling_fraction"":1.000000,""iters"":25,""sample_queries"":false,""early_termination"":false,""n_threads"":32,""unrotate_centroids"":true,""seed"":42,""use_blas_only"":false,""tol"":0.000000,""ann_explore_fraction"":0.010000,""objective_k"":100,""perform_assignments"":false}"
2026-01-17 20:21:00,superkmeans,contriever,25,25,768,990000,10000,53884.01,32,589268.375000,"{""verbose"":false,""recall_tol"":0.001000,""sampling_fraction"":1.000000,""iters"":25,""sample_queries"":false,""early_termination"":false,""n_threads"":32,""unrotate_centroids"":true,""seed"":42,""use_blas_only"":false,""tol"":0.000000,""ann_explore_fraction"":0.010000,""objective_k"":100,""perform_assignments"":false}"
2026-01-17 20:26:27,superkmeans,contriever,25,25,768,990000,100000,326486.27,32,458204.437500,"{""verbose"":false,""recall_tol"":0.001000,""sampling_fraction"":1.000000,""iters"":25,""sample_queries"":false,""early_termination"":false,""n_threads"":32,""unrotate_centroids"":true,""seed"":42,""use_blas_only"":false,""tol"":0.000000,""ann_explore_fraction"":0.010000,""objective_k"":100,""perform_assignments"":false}"
2026-01-17 20:26:33,faiss,contriever,25,25,768,990000,10,4462.65,32,787124.875000,"{""verbose"":false,""update_index"":false,""int_centroids"":false,""seed"":1234,""frozen_centroids"":false,""spherical"":false,""min_points_per_centroid"":39,""nredo"":1,""max_points_per_centroid"":999999,""niter"":25}"
2026-01-17 20:26:37,faiss,contriever,25,25,768,990000,100,4571.20,32,735875.812500,"{""verbose"":false,""update_index"":false,""int_centroids"":false,""seed"":1234,""frozen_centroids"":false,""spherical"":false,""min_points_per_centroid"":39,""nredo"":1,""max_points_per_centroid"":999999,""niter"":25}"
2026-01-17 20:26:54,faiss,contriever,25,25,768,990000,1000,16583.38,32,673880.000000,"{""verbose"":false,""update_index"":false,""int_centroids"":false,""seed"":1234,""frozen_centroids"":false,""spherical"":false,""min_points_per_centroid"":39,""nredo"":1,""max_points_per_centroid"":999999,""niter"":25}"
2026-01-17 20:29:18,faiss,contriever,25,25,768,990000,10000,143876.91,32,589241.937500,"{""verbose"":false,""update_index"":false,""int_centroids"":false,""seed"":1234,""frozen_centroids"":false,""spherical"":false,""min_points_per_centroid"":39,""nredo"":1,""max_points_per_centroid"":999999,""niter"":25}"
2026-01-17 20:52:44,faiss,contriever,25,25,768,990000,100000,1405709.68,32,458043.000000,"{""verbose"":false,""update_index"":false,""int_centroids"":false,""seed"":1234,""frozen_centroids"":false,""spherical"":false,""min_points_per_centroid"":39,""nredo"":1,""max_points_per_centroid"":999999,""niter"":25}"
2026-01-17 20:52:48,scikit,contriever,25,25,768,990000,10,2539.61,32,786801.375000,"{""init"": ""random"", ""n_init"": ""1"", ""max_iter"": ""25"", ""random_state"": ""42"", ""copy_x"": ""true"", ""tol"": ""0.0"", ""algorithm"": ""lloyd""}"
2026-01-17 20:52:51,scikit,contriever,25,25,768,990000,100,3826.30,32,734966.687500,"{""init"": ""random"", ""n_init"": ""1"", ""max_iter"": ""25"", ""random_state"": ""42"", ""copy_x"": ""true"", ""tol"": ""0.0"", ""algorithm"": ""lloyd""}"
2026-01-17 20:53:09,scikit,contriever,25,25,768,990000,1000,17501.79,32,673666.062500,"{""init"": ""random"", ""n_init"": ""1"", ""max_iter"": ""25"", ""random_state"": ""42"", ""copy_x"": ""true"", ""tol"": ""0.0"", ""algorithm"": ""lloyd""}"
2026-01-17 20:55:50,scikit,contriever,25,25,768,990000,10000,161247.84,32,588883.812500,"{""init"": ""random"", ""n_init"": ""1"", ""max_iter"": ""25"", ""random_state"": ""42"", ""copy_x"": ""true"", ""tol"": ""0.0"", ""algorithm"": ""lloyd""}"
2026-01-17 21:17:59,scikit,contriever,25,25,768,990000,100000,1581573.08,32,458012.468750,"{""init"": ""random"", ""n_init"": ""1"", ""max_iter"": ""25"", ""random_state"": ""42"", ""copy_x"": ""true"", ""tol"": ""0.0"", ""algorithm"": ""lloyd""}"
